DepVar,Const,Mktrf,SMB,HML,RMW,CMA,R-squared
Mktrf,0.00634620101607974,0,-0.10187234074730299,0.8733562485216119,-1.291348407546979,-1.1026544137090502,0.3297889728900788
SMB,0.0007215451943210251,-0.053335860099114715,0,-1.1002318770598212,0.002107917483218036,0.8474638864616066,0.745886426766158
HML,0.0030768005289234287,0.13470770574090807,-0.32413222736308506,0,0.6330678272200088,0.9158579669123954,0.8698617849732485
RMW,-0.0009780919970886746,-0.2496929018074366,0.0007784905648388768,0.7936188973299303,0,-0.9421658030451485,0.8661158668035035
CMA,-0.001540816928439954,-0.001540816928439954,-0.15488714281986604,0.22737050735690825,0.8340710898160075,0,0.8501274091990463
