DepVar,Const,Mktrf,SMB,HML,RMW,CMA,R-squared
Mktrf,0.006346201016079744,0,-0.10187234074730166,0.8733562485216123,-1.2913484075469777,-1.1026544137090502,0.3297889728900788
SMB,0.0007215451943210379,-0.05333586009911498,0,-1.1002318770598212,0.002107917483217342,0.8474638864616062,0.745886426766158
HML,0.0030768005289234287,0.1347077057409083,-0.3241322273630852,0,0.6330678272200082,0.9158579669123953,0.8698617849732485
RMW,-0.0009780919970886833,-0.24969290180743695,0.0007784905648385854,0.7936188973299304,0,-0.9421658030451483,0.8661158668035035
CMA,-0.001540816928439962,-0.001540816928439962,-0.15488714281986635,0.2273705073569083,0.8340710898160082,0,0.8501274091990463
