Size,OP,Const_t,Mktrf_t,SMB_t,HML_t,RMW_t,CMA_t
1.0,1.0,3.420255601275227,3.566211467591927,-3.341500463955922,13.136939356595494,0.7567430999029681,8.912392472814503
1.0,2.0,-0.7917762992561415,-0.7886644740758354,0.2890612580464721,9.953504936747812,-4.239771793226443,3.5733422993969928
1.0,3.0,-1.314815027792492,-0.304198218664667,0.17335552121897538,9.748368850556812,-3.7148657276127657,-2.5064329685906483
2.0,1.0,-2.8503488117582143,1.0658532987430187,-1.6323214753325492,26.82737236655888,1.7037155182388253,16.791154854844333
2.0,2.0,-2.86398841221819,-2.1305065438388113,0.929305008662504,11.198296137676683,-2.8816832632387728,4.598888726285963
2.0,3.0,-1.4470035414222477,1.609517295790992,-0.44810963494654543,7.6324053356086825,-0.4404979227370519,-1.5780927546834576
3.0,1.0,1.4714940700371215,-0.5014009700077916,-1.0737047761163079,7.948955332002465,-0.7150879618421686,4.030553858731189
3.0,2.0,-0.8413728613353757,-1.5711757136618307,0.1278801265327464,7.9611976761651455,-1.3847099952066784,3.7453131184071524
3.0,3.0,2.2244379607221343,0.5656992791848481,-0.3581242111486584,21.93756908188329,3.4555315383142617,-3.2424534202577266
