Size,BM,Const,Mktrf,SMB,HML,RMW,CMA,R-squared
1.0,1.0,0.004500829142108439,0.844522569672527,-0.8762387445493158,1.0094942628814843,0.3004037750005184,0.8253862189519641,0.9813842848261816
1.0,2.0,-0.007758206934940462,-0.34660444763934517,-0.11147225054525622,0.8519589252556093,-0.59667099605598,0.479905128866588,0.969133273836595
1.0,3.0,0.007452479471207329,-0.10698810921757537,-1.26199026691074,0.9516318041240491,-0.005190256103199153,-0.37802293012493693,0.9812239022616127
2.0,1.0,-0.0010732170448341698,0.11833768908194378,-0.12240097364892294,1.0035187162423336,-0.03884548553267875,0.89985090856546,0.9756960737127441
2.0,2.0,-0.0038033944623355447,-0.6379364337604361,0.24315309597846568,0.8066046733502665,-0.7206938110506979,0.4932513426385444,0.9733039661642285
2.0,3.0,0.003421002276900402,-0.5395167441325452,-0.13650227997621453,0.8476788100332402,-0.5567547093973498,-0.15551908164992467,0.9097785258797371
3.0,1.0,0.006030257093505386,0.06701488268662961,-0.22529012597190193,0.971144604660208,0.004643120520563039,0.8289626801090026,0.987312417994983
3.0,2.0,0.0005947358260905821,-0.07464968708389236,0.23397733299752216,0.9617909448752527,-0.45482647360367456,0.5040656652852351,0.9574824335083203
3.0,3.0,-0.0019446893945804528,0.35418255002279814,0.3122874091525058,1.0454357367550524,0.27342236568812717,-0.2314382134003049,0.9862726006518703
