Size,Inv,Const,Mktrf,SMB,HML,RMW,CMA,R-squared
1.0,1.0,0.004821905487428845,0.5138470592466442,-0.38010978077252555,0.9049310757216895,-0.08247955332442439,0.8165221441092396,0.9715555824839772
1.0,2.0,-0.002163688678178779,-0.3224763602503576,0.3375025059211617,0.887826307068327,-0.7288256007877354,0.6013396271680778,0.9696935342357822
1.0,3.0,-0.004949063723648935,0.7803433518747129,0.019849268030402163,0.9222855792856417,-0.04207649014021975,-0.37415481559011576,0.9426540288498944
2.0,1.0,0.0022162329087131527,0.5825020945651477,-0.576879711195126,1.0703014841962244,0.30562299342910604,0.8540929397178016,0.9865314969792937
2.0,2.0,-0.0023599122237687757,-0.30529467582711467,0.012500948363596637,0.8683258778181726,-0.6998584214694687,0.3673649662477563,0.9671021538181802
2.0,3.0,0.002193754564954541,0.14536282538879125,0.07408238276927395,1.0261556733184765,0.141509171977504,-0.22138423585562295,0.9868904065304522
3.0,1.0,0.0005890622566986168,-0.31117802938713707,-0.1527835616162442,0.9915854213625602,-0.02368539409531574,0.9383712187896283,0.9830486807582036
3.0,2.0,-0.0067178005404133125,-0.5222297811820588,0.01462115060316703,0.8373349118900497,-0.3745226671820402,0.5056556982195144,0.9667316009400759
3.0,3.0,0.002502005901375941,-0.2571416595366796,-0.3683484399744463,1.0128146852672806,0.1591567174275182,-0.2265548400474715,0.9427054702955235
