Size,OP,Const_t,Mktrf_t,SMB_t,HML_t,RMW_t,CMA_t
1.0,1.0,1.7706543671224622,1.9507641062605434,-1.5121415831044709,9.166391490696753,-0.3673758347281949,5.984562120098629
1.0,2.0,-0.8886930030676583,-1.369337970898012,1.5017661134516296,10.058953392257319,-3.631029621778221,4.929763932364618
1.0,3.0,-1.877389864690763,3.060362962404981,0.08157258587119649,9.65082942027459,-0.1936065798178085,-2.8329054060567125
2.0,1.0,1.2357885664571977,3.358010456437757,-3.4848360351707024,16.46276198276261,2.0671118793583987,9.505680567520667
2.0,2.0,-0.9722833972668437,-1.3003852354866807,0.0557966714254313,9.86841857785072,-3.497489321306877,3.0209536932053545
2.0,3.0,1.9213813580578454,1.3162387439550411,0.7029246738346568,24.791715754703823,1.503347256015028,-3.8700942235117424
3.0,1.0,0.3119767771887813,-1.7038280986688439,-0.876609172885806,14.486350929223724,-0.15215662622399692,9.919392157468321
3.0,2.0,-3.164603771893931,-2.5433706219312047,0.07461774107211755,10.880760065781963,-2.140028357829044,4.754408053003127
3.0,3.0,0.9918676641159494,-1.0538859729840555,-1.581949252621471,11.075496145362548,0.765313827251464,-1.7926192587020138
