Size,OP,Const_p,Mktrf_p,SMB_p,HML_p,RMW_p,CMA_p
1.0,1.0,0.004561334838685241,0.0034477124438252456,0.0053067354315861695,7.005336674869852e-09,0.4626987761969755,6.725610998474051e-07
1.0,2.0,0.44269936261124954,0.44445317270265927,0.7770926783575849,1.8991604935219996e-07,0.0009653786725480311,0.003400971960968001
1.0,3.0,0.21129491245246457,0.7657914899157796,0.8650421376134834,2.4163277577299214e-07,0.0025954520791515432,0.026268112997894957
2.0,1.0,0.013647833604306913,0.30588583624229215,0.12658641442014892,9.090159396463898e-13,0.11220434197328501,3.407392684691381e-10
2.0,2.0,0.013295533168385582,0.05280073032084432,0.36966611303966457,4.7675518374431624e-08,0.012851824419997552,0.0004987040948201916
2.0,3.0,0.17157662642619576,0.13150709808485278,0.6614511851208338,3.728105364315555e-06,0.66681237756517,0.13855882981586784
3.0,1.0,0.16494748531450013,0.6244720360395026,0.3024813306834524,2.398331554306382e-06,0.48719918153665387,0.0014276031273762575
3.0,2.0,0.4153482555525614,0.14015407805289304,0.9002008805820712,2.3583309473556345e-06,0.189447109463985,0.002449229451352512
3.0,3.0,0.04445411123255843,0.5812315141670332,0.7259984086481002,1.1791588174344308e-11,0.004262618603250251,0.0064208242937013925
