DepVar,Const_t,Mktrf_t,SMB_t,HML_t,RMW_t,CMA_t
Mktrf,0.8845425491331749,0,-0.27655714765820455,1.366265088471282,-2.581161165152255,-1.6980808290765337
SMB,0.13535123261745774,-0.2765571476582034,0,-2.785695635667225,0.004793115052878712,1.8279783952567537
HML,1.1082995275378953,1.3662650884712817,-2.785695635667225,0,3.7597703721320372,6.73012336903718
RMW,-0.3026990720775864,-2.581161165152251,0.004793115052878701,3.7597703721320364,0,-5.041971036606879
SMB,-0.5639452817967698,-1.6980808290765363,1.8279783952567519,6.730123369037178,-5.041971036606878,0
