Size,BM,Const_p,Mktrf_p,SMB_p,HML_p,RMW_p,CMA_p
1.0,1.0,0.0757317597314081,0.00245648894639307,0.001324787717496538,2.2187117602000738e-08,0.14219807145784846,8.492881542246269e-06
1.0,2.0,0.007041814584230903,0.16389142275551594,0.6273154699361536,2.6308770853094223e-07,0.01063906878175608,0.0016802133846419692
1.0,3.0,0.0010300855237354082,0.5433651493446476,3.323473855139367e-06,1.6137324576836312e-09,0.9722033567180007,0.0009346172057736051
2.0,1.0,0.6504859219919445,0.6059396238703343,0.5764146499056315,2.1707987704568706e-08,0.8418106167444469,3.110961868249159e-06
2.0,2.0,0.08366801455880768,0.006345747872488696,0.21701275284856275,6.153887757326264e-08,0.0008539775310396095,0.00031756859225705157
2.0,3.0,0.31450293088221054,0.11179107791001863,0.6585297559397179,7.463055338098919e-06,0.05942296609843508,0.35976360215580205
3.0,1.0,0.0021604866765762626,0.6686544394445151,0.14691784022719057,3.072085292470563e-10,0.9721456090077971,1.0683178778388256e-07
3.0,2.0,0.8266134583736975,0.7763620938248311,0.3581676259790634,1.8618621283822873e-07,0.058577380553131796,0.002288472230524757
3.0,3.0,0.16119372203886517,0.015101278011168838,0.022653210906035715,1.1166035440162335e-11,0.02494489893924002,0.003701091771441839
