DepVar,Const_p,Mktrf_p,SMB_p,HML_p,RMW_p,CMA_p
Mktrf,0.3913419024703455,0,0.7861611598197483,0.19340069646033184,0.021760225642386475,0.111598264220949
SMB,0.8942609933366892,0.7861611598197455,0,0.014585093573643746,0.9962432920850753,0.08893800924903496
HML,0.286409920699357,0.19340069646033156,0.01458509357364379,0,0.002112189983856772,9.623691201416552e-06
RMW,0.7665700542428444,0.021760225642386617,0.9962432920850754,0.0021121899838567547,0,0.00017997004462452174
SMB,0.5817134521177625,0.11159826422094803,0.088938009249035,9.623691201416552e-06,0.00017997004462452174,0
