DepVar,Const_p,Mktrf_p,SMB_p,HML_p,RMW_p,CMA_p
Mktrf,0.39134189198743163,0,0.786161136800244,0.193400699262541,0.021760225830288166,0.11159826597276763
SMB,0.8942610181966426,0.7861611368002484,0,0.014585095914126676,0.9962433453740315,0.0889380189522555
HML,0.2864099344474966,0.1934006992625403,0.01458509591412666,0,0.0021121902246903006,9.623693823120443e-06
RMW,0.7665700829837964,0.02176022583028811,0.9962433453740298,0.0021121902246903027,0,0.00017997007480102366
SMB,0.5817134849926116,0.11159826597276676,0.08893801895225592,9.623693823120443e-06,0.00017997007480102366,0
