DepVar,Const_t,Mktrf_t,SMB_t,HML_t,RMW_t,CMA_t
Mktrf,0.8845425491331758,0,-0.2765571476582011,1.3662650884712828,-2.5811611651522557,-1.6980808290765343
SMB,0.13535123261746013,-0.2765571476582048,0,-2.7856956356672264,0.004793115052877137,1.8279783952567545
HML,1.108299527537895,1.3662650884712833,-2.7856956356672256,0,3.759770372132034,6.730123369037181
RMW,-0.302699072077589,-2.5811611651522526,0.004793115052876905,3.7597703721320377,0,-5.04197103660688
SMB,-0.563945281796773,-1.6980808290765395,1.827978395256754,6.730123369037181,-5.04197103660688,0
